{
    "auth": {
        "fffbadminton63e2a49c": {
            "service": "Cognito",
            "providerPlugin": "awscloudformation",
            "dependsOn": [],
            "customAuth": false
        }
    },
    "api": {
        "fffbadminton": {
            "service": "AppSync",
            "providerPlugin": "awscloudformation",
            "output": {
                "authConfig": {
                    "additionalAuthenticationProviders": [],
                    "defaultAuthentication": {
                        "authenticationType": "AMAZON_COGNITO_USER_POOLS",
                        "userPoolConfig": {
                            "userPoolId": "authfffbadminton63e2a49c"
                        }
                    }
                }
            }
        }
    },
    "analytics": {
        "fffbadminton": {
            "service": "Pinpoint",
            "providerPlugin": "awscloudformation"
        }
    },
    "hosting": {
        "amplifyhosting": {
            "service": "amplifyhosting",
            "type": "cicd"
        }
    },
    "storage": {
        "profilepictures": {
            "service": "S3",
            "providerPlugin": "awscloudformation"
        }
    }
}