{
    "identityPoolName": "fffbadminton63e2a49c_identitypool_63e2a49c",
    "allowUnauthenticatedIdentities": false,
    "resourceNameTruncated": "fffbad63e2a49c",
    "userPoolName": "fffbadminton63e2a49c_userpool_63e2a49c",
    "autoVerifiedAttributes": [
        "email"
    ],
    "mfaConfiguration": "OFF",
    "mfaTypes": [
        "SMS Text Message"
    ],
    "smsAuthenticationMessage": "Your authentication code is {####}",
    "smsVerificationMessage": "Your verification code is {####}",
    "emailVerificationSubject": "Your verification code",
    "emailVerificationMessage": "Your verification code is {####}",
    "defaultPasswordPolicy": false,
    "passwordPolicyMinLength": 8,
    "passwordPolicyCharacters": [],
    "requiredAttributes": [
        "email"
    ],
    "userpoolClientGenerateSecret": true,
    "userpoolClientRefreshTokenValidity": 30,
    "userpoolClientWriteAttributes": [
        "email"
    ],
    "userpoolClientReadAttributes": [
        "email"
    ],
    "userpoolClientLambdaRole": "fffbad63e2a49c_userpoolclient_lambda_role",
    "userpoolClientSetAttributes": false,
    "resourceName": "fffbadminton63e2a49c",
    "authSelections": "identityPoolAndUserPool",
    "authRoleArn": {
        "Fn::GetAtt": [
            "AuthRole",
            "Arn"
        ]
    },
    "unauthRoleArn": {
        "Fn::GetAtt": [
            "UnauthRole",
            "Arn"
        ]
    },
    "useDefault": "defaultSocial",
    "userPoolGroupList": [],
    "dependsOn": [],
    "hostedUI": true,
    "hostedUIDomainName": "fffbadmintonbfa19d28-bfa19d28",
    "authProvidersUserPool": [
        "Google"
    ],
    "hostedUIProviderMeta": "[{\"ProviderName\":\"Google\",\"authorize_scopes\":\"openid email profile\",\"AttributeMapping\":{\"email\":\"email\",\"username\":\"sub\"}}]",
    "oAuthMetadata": "{\"AllowedOAuthFlows\":[\"code\"],\"AllowedOAuthScopes\":[\"phone\",\"email\",\"openid\",\"profile\",\"aws.cognito.signin.user.admin\"],\"CallbackURLs\":[\"http://localhost:3000/\"],\"LogoutURLs\":[\"http://localhost:3000/\"]}"
}